Iteration,tanh_1_3,tanh_1_4,tanh_1_5,tanh_1_6,tanh_1_7,tanh_1_8,tanh_1_9,tanh_2_3,tanh_2_4,tanh_2_5,tanh_2_6,tanh_2_7,tanh_2_8,tanh_2_9,tanh_3_3,tanh_3_4,tanh_3_5,tanh_3_6,tanh_3_7,tanh_3_8,tanh_3_9,tanh_4_3,tanh_4_4,tanh_4_5,tanh_4_6,tanh_4_7,tanh_4_8,tanh_4_9,sigmoid_1_3,sigmoid_1_4,sigmoid_1_5,sigmoid_1_6,sigmoid_1_7,sigmoid_1_8,sigmoid_1_9,sigmoid_2_3,sigmoid_2_4,sigmoid_2_5,sigmoid_2_6,sigmoid_2_7,sigmoid_2_8,sigmoid_2_9,sigmoid_3_3,sigmoid_3_4,sigmoid_3_5,sigmoid_3_6,sigmoid_3_7,sigmoid_3_8,sigmoid_3_9,sigmoid_4_3,sigmoid_4_4,sigmoid_4_5,sigmoid_4_6,sigmoid_4_7,sigmoid_4_8,sigmoid_4_9,relu_1_3,relu_1_4,relu_1_5,relu_1_6,relu_1_7,relu_1_8,relu_1_9,relu_2_3,relu_2_4,relu_2_5,relu_2_6,relu_2_7,relu_2_8,relu_2_9,relu_3_3,relu_3_4,relu_3_5,relu_3_6,relu_3_7,relu_3_8,relu_3_9,relu_4_3,relu_4_4,relu_4_5,relu_4_6,relu_4_7,relu_4_8,relu_4_9
0,0.45179515846357327,0.47170668472342164,0.49725445735201396,0.4377436632352678,0.4168506045654386,0.6540384289281989,0.6567767983316207,0.4970007829355088,0.48893822143946547,0.6717494059151102,0.488622552893314,0.8855816441907557,0.7804330677348427,0.5429420744503728,0.7647685881384783,0.45892369652043263,0.5549661156519096,0.47844632132095855,0.8153380808895376,0.7285455453144783,0.5077116678222204,0.6271639005245189,0.5148267695971789,0.5902373990679619,0.6561269735546058,0.7141375104483545,0.7500924726464006,0.7163206160730562,0.6483927252327065,0.6674975817682433,0.6875040692930068,0.6111573577665734,0.5613690498764271,0.7387992204344046,0.706058971595098,0.6862878013462739,0.684781629328612,0.786203033518983,0.698104310590732,0.709608635981481,0.7085006378866675,0.7030762475590361,0.7817917461102281,0.738204498147931,0.6948868656575639,0.7068788682869134,0.7040887818124538,0.6977337612120758,0.6916339819880158,0.6980835061779658,0.6956150662072165,0.7274701229885091,0.7047539909190144,0.69424174659716,0.6952038519305266,0.694496133501378,0.5964561615678272,0.6099113369325229,1.6428665001404426,0.6172722245011362,0.42803535336676507,1.4058412964291465,1.2068046320567636,0.9108451771916305,0.5284337243249884,0.7461648357594862,0.5962204215913494,1.148147114551434,0.6833265639681163,0.6294449556653988,0.7594067727899183,0.6628709141006748,0.6160407289441809,0.6081654564451843,0.6456878585511874,0.6962644123983176,0.6456777900679781,0.8652422793409043,0.6800920933339273,0.6948449388029927,0.6052982591781112,0.667019735139466,0.6810897897476734,0.6978265275418843
1000,0.07744736893142891,0.071974181463892,0.06923807550794817,0.06763441696801765,0.072594444709357,0.06935876492754861,0.07974181756255788,0.31311640751721675,0.06929088525707268,0.07671030374060676,0.0652939564641218,0.07920151724367125,0.06682149987099996,0.061805701189740755,0.09391102461768881,0.06154689690588534,0.055218586356339756,0.0515523795727199,0.05738959820633971,0.06290870426242522,0.05178782677584744,0.06561959780281927,0.061870647621411104,0.07397380523848085,0.05028567817944771,0.08636247347962187,0.07155307622709037,0.07435619407600418,0.2905889331711903,0.22113398779257892,0.2583821169530039,0.2512048138995029,0.1927298080383838,0.2037838465798594,0.1869531835571091,0.25641936190344433,0.17461724867608072,0.28328957795831855,0.23484288892173996,0.1368841501318573,0.14426268102926762,0.14946953236043736,0.3093258696295451,0.1513252341102938,0.20781648918360504,0.300526039180976,0.17863157724819548,0.1357144464397106,0.21669093390158245,0.6927983979474681,0.31710111298774296,0.42171699332621876,0.31132483164325786,0.2833193802334104,0.3113791407218712,0.2974734511621653,0.7597562053448692,1.6489727186845118,0.44124810063882003,0.887621658206766,0.056774299026978094,1.1264814795127418,1.9722559432752074,1.3055684278147803,0.6902942100805187,0.7139759268775597,0.613654927089753,0.9960089439723752,0.8022361720782791,0.3132918078875072,0.7415033479231566,3.799143383509914,0.41557092271196705,0.5180630919061828,0.6965800114494537,0.1128943299809104,0.07241130762181508,0.7281974538070707,0.684336395986491,0.6933260807846214,0.7023016977302947,0.7401499481157261,1.2735806198597706,0.6976441986037335
2000,0.07715852968426519,0.06685145561353022,0.06430433043405961,0.057800692512855675,0.06644098758478875,0.06630803739192002,0.06749697891507073,0.3084146100731594,0.06413852457056589,0.0708036366281257,0.047015279579756424,0.05580223362534363,0.07290852913245775,0.051681098819983486,0.27386655704473345,0.06824391897465314,0.046374565310149364,0.034086527451693785,0.032912298142874566,0.06129593925117937,0.053410409156600815,0.0595385852365397,0.059191925714352854,0.07459878790536799,0.04411972314214142,0.08486024816843638,0.07812110254230575,0.07859988326981783,0.1825005467205996,0.1514388228414025,0.15540150505903202,0.15138789939406508,0.13679274459027307,0.13520612894428127,0.13294835907711913,0.10538164666731663,0.10190591848558692,0.10985518358076542,0.10666709808756847,0.09633374885092195,0.09701979675334636,0.09727467394618598,0.1001485045926106,0.08968871703025087,0.09305259914647823,0.10049034612031264,0.09280248150217149,0.0895642000685201,0.09378717406041112,0.32222825730707494,0.16057288729201813,0.11365637213380707,0.10555922855591067,0.10100825904369007,0.10901824413472634,0.10369227731656222,0.9208581001503441,3.263407483032196,0.4232068016673686,1.314831453147035,0.05381579359892391,1.0264862091801203,2.4323370741401837,1.115732290407313,0.6913014814428402,0.7123766849380627,0.632747526648365,0.8949963126285594,0.6742942917243786,0.29103889052365894,0.7310809379457263,9.9783370177247,0.32868702436532654,0.5228592389503574,0.7124806367786368,0.0854645380803557,0.09733043801299568,0.7099497439236804,0.6875245274902914,0.6932430199677667,0.7022217276922337,0.7270820604348417,1.0156310449958879,0.6969670375807396
3000,0.07730739727824378,0.06485917021862961,0.062404672500733886,0.05008275195840651,0.0625205518830705,0.06553714827318602,0.06342904284354986,0.3032024296251202,0.04622952710377463,0.0769706826518361,0.043590354472698566,0.05888665718516054,0.06868892875964025,0.05273791422147893,0.07101056912970914,0.06515038147409455,0.04099482991794378,0.030207074716807506,0.022446563689733908,0.05853514272749749,0.027283709610876603,0.0616164175475074,0.06421783074310455,0.07017622586200918,0.04466000822181188,0.08396348479965857,0.09658346301134275,0.11165301069283104,0.12983893593773732,0.12983816818232616,0.1285902675177257,0.11865445009917762,0.12174327877058211,0.11835943003203958,0.1188801946355641,0.08598040825660772,0.09104892183509546,0.09374934429023771,0.09204094712965626,0.0899661359747911,0.0894703446546886,0.09013052623788236,0.08302813068485314,0.08313049855696007,0.08457559269452414,0.08393749409476935,0.08415634273011122,0.08423587436831852,0.08475694002099202,0.20581450228514217,0.08786250937493204,0.09427329808087517,0.08664417790210971,0.08678777270581091,0.09018597424795097,0.08878205738850733,1.0086589997228115,3.344145049355347,0.41661184794630984,1.447685884825535,0.053097852743712225,0.9480429280853757,2.860245024971484,0.9805483345399343,0.6920267322026433,0.7116345618239,0.6505126967287587,0.8287317589164019,0.4139076665665144,0.2826079728795925,0.7249615216852436,7.034124520477028,0.3328551185536155,0.5426661528342301,0.72085482008023,0.09317870275639152,0.07963599334112768,0.700613152759503,0.6896764915655342,0.6931626580794387,0.7021530643906396,0.7189817235643449,0.8742065711801483,0.6965994976538713
4000,0.07731349144182235,0.06396914761165767,0.06119179828671856,0.04483702434969637,0.059849287547571385,0.06495981814262035,0.06312169156676266,0.2711965505601967,0.044564850262225654,0.08190516057197679,0.04029022168465897,0.06267665168499983,0.07240024977804999,0.05360774405995364,0.06672922494803328,0.06050387904150244,0.03961243339127557,0.02898918307888286,0.017804790087202968,0.05777867241009472,0.02765143056767468,0.061536475117701175,0.07036534793697767,0.0696704045737493,0.044899344651885664,0.08976987260072955,0.07295687816989133,0.0996309270999007,0.10528944987759835,0.1150308617358452,0.11261303059379046,0.10404132757158603,0.11517697984244003,0.10962365633633493,0.1129226628733782,0.08066859943366668,0.08625260815714883,0.09000956235747212,0.08720559533252362,0.08802105681721464,0.0865478224483879,0.08791887289947864,0.07918617772246718,0.08164983955271234,0.08373740814557061,0.08209470617611946,0.08296903849915938,0.08311817268741424,0.08333534619128001,0.08228631882909451,0.08207528438565584,0.08882053731680671,0.08408389071114092,0.08483801219446693,0.0862244567362303,0.08653638665447322,0.9938625810470164,3.1354892435000687,0.41815141633808856,1.7958528938686587,0.052780671669201355,0.8873131287880637,3.1356587244726746,0.8875525910108172,0.6925373106859896,0.7113547195662926,0.6657111682737654,0.7853355234673979,0.5136621441712126,0.2877125518990707,0.7213685882541259,5.043896354722922,0.33028676157448894,0.520080730219583,0.7222135898840899,0.08454486536864306,0.11593182808853322,0.6965380570014332,0.6910545727934168,0.6931040899088287,0.7020902611575118,0.7142330117216044,0.7972308929116918,0.6963758041297079
5000,0.07709066871560107,0.06351452281095503,0.06028124251262905,0.04225182988634121,0.058013063412909203,0.06405172338761186,0.061084268050263985,0.21734241721101877,0.043706971134721474,0.08136750520201216,0.03937359213813815,0.06518981636305023,0.07553068733476112,0.054145075620839166,0.06332341863270541,0.06031248493700291,0.03916854945511489,0.029055128995939043,0.017317429628117456,0.05617371972745462,0.020865787624963043,0.06772784589763658,0.07479494589947171,0.06876946937683732,0.04482421826989703,0.08776836283307249,0.09390821702441046,0.08667097923513445,0.09535259302988848,0.10557022072318198,0.10255730911658867,0.09680278194102433,0.11141560927693483,0.10258514087849893,0.10980454447375491,0.07865946295135733,0.08304470544959737,0.08866590993296743,0.08377420606544156,0.08719662506329605,0.08447685989760408,0.08694540287484034,0.07709870064932944,0.08041784365970266,0.08340289620796366,0.08146192085272605,0.08240834115573258,0.08246778717110431,0.0825955754069447,0.07879278943668987,0.07924968478313799,0.0881717869816083,0.08285028575122497,0.08393026901551158,0.08508798307549839,0.08547950292057173,1.0342847558267676,3.1239355381628484,0.4159891718270759,2.0158050253538167,0.05265547307371774,0.8415067193792518,2.330908970767481,0.8256319048893744,0.6928863009204547,0.7111861074109951,0.6780916892188555,0.7567060174980574,0.579045610680406,0.2188095662479771,0.7192442655651269,3.6682845190890236,0.3310136324747519,0.530744685929188,0.7204149016979846,0.09060544221146843,0.08236417813561453,0.694730867782802,0.6919109550502808,0.6930195908351386,0.70203604472134,0.7113979818341981,0.7546373444137993,0.6962257583624321
6000,0.0758457302951109,0.06326982587226306,0.059275957209240955,0.04070491131499976,0.05674551390374596,0.06284845687465541,0.05687499170253931,0.18846435175838774,0.043903519472981475,0.08193377618833311,0.035799071049365645,0.06713690087325348,0.07796669681808745,0.054420677137474165,0.12248369301227928,0.053571498621713294,0.03898868198156106,0.02854389381352624,0.01706658255583097,0.05316857778831621,0.018612853508012117,0.06524137440918423,0.07291468948521475,0.07849394635417928,0.05578375426850309,0.08087978941522661,0.10486812163348107,0.10051902947123546,0.09115848778063716,0.09943424952695167,0.0968186863712802,0.09281245269561877,0.10863682137292678,0.0968323715409438,0.10790538574781035,0.07773889721178252,0.08061611613535324,0.08803557816813656,0.08085612953212934,0.08676594892895968,0.08256500265457387,0.08641259374218688,0.07582434865661102,0.07902856300419701,0.08313383112194281,0.08111962449488586,0.08202758882882118,0.08200081754330979,0.08208198133607603,0.07705750847291012,0.07732723457118641,0.08780083129005474,0.08171584213983411,0.08318117030450436,0.08426735689596913,0.08465556023780942,1.0686682161359073,3.05924887984795,0.41143341547499185,2.1724955905331083,0.052482129935288654,0.8079568605499169,2.448444148969681,0.7851008540509659,0.6931073398730269,0.7110511697522433,0.6878848710227944,0.7375687238242364,0.6499307206477627,0.1812092416224476,0.7180978888891414,2.7203550560152188,0.332381824044296,0.5096222487716493,0.7191063969886161,0.08574613366633715,0.06989780198262188,0.6939887757365832,0.6924327799380384,0.6928452583216546,0.7019913163986203,0.7096485814230363,0.7305502379985158,0.6961088485125665
7000,0.07133430503964591,0.0631221416929138,0.05823937624527587,0.03944337897350792,0.055817111020326986,0.06123177816931947,0.05092156490285662,0.23721008798472118,0.04324992893785954,0.07975231061024679,0.04724196389201544,0.06864184672957312,0.07737757236350994,0.05451765852709732,0.05239864418316628,0.07972161110520475,0.038875677870600645,0.02861200151147696,0.016894645433647926,0.04990500894826208,0.017440052263707817,0.06401488076962022,0.0712008312732844,0.07677260282881858,0.04496691951794444,0.08227144546980063,0.08543525708379411,0.08128138620549684,0.08921449452290847,0.0954224078860764,0.09339870776460343,0.09045235077529767,0.10616998453720439,0.09267237037554414,0.10655910422763264,0.07726743128187863,0.07872481985387159,0.08766992949132782,0.07859037919137651,0.0865058370009666,0.08056913323717613,0.08607449481943352,0.07506670078399662,0.07744890295452768,0.08288152688759533,0.08088604696997626,0.08174104917591729,0.08163999522596548,0.08169462237302731,0.07591920241816633,0.0759272385407525,0.0874820542337555,0.08063707456199415,0.08249531184149815,0.08358846248670578,0.08398089779587585,1.0945425567362452,2.7185749750219457,0.41192371903677805,2.099417247315753,0.05241366036716905,0.7837288684136067,2.581515980164572,0.7589875703440906,0.6932280973423869,0.7109283312391755,0.6954920644304629,0.7245750028737287,0.7213636118102085,0.15962619779016865,0.7174848074830252,2.0706298213655545,0.33383913984598224,0.5128446828920202,0.7181590001173008,0.08888852366375014,0.06402979391209883,0.6937699667556588,0.6927459475487564,0.6927774881712379,0.7019553830004958,0.7085248219968888,0.7165823863574322,0.6960113840813122
8000,0.07087237587965127,0.06300382728757026,0.057713161205850155,0.03827157033670113,0.054507664772012764,0.059362978634262036,0.04870140661962541,0.13383773556178943,0.043779656923733895,0.07906228323303062,0.06935032986600019,0.06977768899994807,0.07663202756953132,0.05448650873773374,0.06599499561728474,0.053949090115728744,0.03878552642573589,0.03201538478542969,0.016787851832254914,0.04908546539307194,0.016603287740402227,0.1273648765990603,0.07911088079798116,0.07566568700731295,0.05182703887074496,0.07610702167737947,0.0764417126211967,0.1119945287442043,0.0882344469984498,0.0928127652381774,0.09127404128735776,0.0889675698206939,0.10386210297629729,0.08977384703335246,0.10543533230300649,0.0770063786874934,0.07725937390937404,0.08740664716660965,0.0766693133311624,0.08633197664743734,0.07844483922804407,0.08583695415021989,0.07462397202928726,0.07571308961327736,0.08262616888077748,0.0806965560871501,0.08151243728499914,0.0813486603952489,0.08138860268350126,0.07517236065015989,0.0746413409830826,0.08717092765971789,0.0796072966064361,0.08183106584461855,0.0829907438256302,0.08340865377349096,1.0373064693527403,2.2194436648660365,0.41780358872287265,2.1326450109750605,0.052366811681514705,0.7664318883360904,2.734577522726655,0.7423451215038926,0.6932784395470611,0.7108031291351037,0.701327047719064,0.7156129978904441,0.7341567556692769,0.3008148859938722,0.7172043469726791,1.6280283372891597,0.3334323943747385,0.5019400040106397,0.717461213727034,0.13137234256838012,0.14373324955051478,0.6938067797275517,0.6929312124617784,0.6929186927592792,0.7019251115646346,0.7077610006584267,0.7082880924072741,0.6959277414912974
9000,0.07117156944554295,0.06286958389557835,0.05752002318110619,0.0373991409153139,0.0515317161279803,0.05749166274711324,0.04715282107620007,0.12466159389718613,0.042948428332884064,0.07871633932045403,0.028864495542331975,0.0706213328495226,0.07865793212430754,0.05435312858991873,0.11745025926106316,0.05204715247875747,0.038719491605099673,0.07342013682557498,0.01671997304891751,0.05238097873755645,0.01606870876807967,0.06159021027004248,0.07452093180140217,0.07274317897065627,0.051966439725279194,0.07758480829110868,0.07335214081447428,0.0896488088810912,0.08770852592691379,0.09108609175585829,0.08990169615252633,0.08798221902621924,0.1016948078390013,0.08775063455010104,0.10436017315455369,0.07685362507145628,0.07613969922505819,0.0871624835327662,0.07499186295582369,0.08620674610570721,0.07631914029161638,0.08565708792037645,0.07436496313056051,0.07383806146769342,0.08235378139130824,0.08051259601038903,0.0813221275724862,0.08110615086992073,0.08113936904482107,0.07468786519950246,0.07327516858044313,0.08684965837350948,0.07862073208149908,0.08116857682348833,0.08244225218897455,0.08290838972854546,1.0779757676669148,2.3294241551852357,0.4159423198949829,2.140682027524694,0.05258076549982297,0.7547470831745662,2.831625114946066,0.7315395175644338,0.6932722959428861,0.71073480915457,0.705750436079673,0.7093423662083066,0.7492180402882482,0.19281823674042792,0.717094151117499,1.3376370067785126,0.33320358889344986,0.5161851155291776,0.7169334655737122,0.08481531789293736,0.06722571611725985,0.6939636510460854,0.6930390319590078,0.6930764068566811,0.7019017644576645,0.7072141742997161,0.7032498778074932,0.6958560575036487
10000,0.07142612696564704,0.06268811635094862,0.05748172475326719,0.03675251177705607,0.04792349423880181,0.05529885516448685,0.04553931761525589,0.11050797921333047,0.04347864273626614,0.07875146726577521,0.028111638430888965,0.06643689930797175,0.07704383080103164,0.0541309931818135,0.07226628612499329,0.04716008642510233,0.038679015168668625,0.028683437153774916,0.016674489587128513,0.04046532818279843,0.01720013273218847,0.062376621972478494,0.07532399650178376,0.16846651286362233,0.07287438453405753,0.09332914365811808,0.09260052894203864,0.15840620680994053,0.08741112020388156,0.08990965436190797,0.0889819693258735,0.08729826074952829,0.09962068875015032,0.08633582302847198,0.10325350041842439,0.07676054300835966,0.0752820984853046,0.08686285448283769,0.07356358761933614,0.08611050212012412,0.0743838695374674,0.08551192346850488,0.07421145784734265,0.0719166459595267,0.08205084938872352,0.08029805843350973,0.08115816657690963,0.08089955282817377,0.08093187096226379,0.07437496175809523,0.07144648210975395,0.08650975817207707,0.07766465141705714,0.08049901231234195,0.08192346227646567,0.08246011454599313,1.0993970245527787,2.474787395129547,0.41494090690905516,2.122624599652286,0.0526055419601637,0.7472879972484567,2.925396594721227,0.7243174231617613,0.6932611978186413,0.710722735625451,0.7090905177248032,0.7049002800059432,0.8351520609487796,0.1258879643008244,0.7170952267570337,1.1621987371337779,0.33291502016829355,0.5090864627471625,0.7165245881167235,0.08680868455328558,0.06480019715577223,0.6941830293223338,0.693100439621441,0.6931711824833717,0.7018832117548932,0.7068000811769304,0.7001341603528293,0.6957941887639082
11000,0.07160702773847982,0.062445482191370506,0.05751493654053667,0.036297975947864644,0.045361424516256535,0.051732975609881784,0.043355116292197224,0.18087194819332822,0.044506792322157054,0.0790163673360762,0.03197851289133985,0.0676420140856893,0.07852079127289752,0.05383406366205648,0.11639836535573984,0.06790131273399955,0.04204617151910241,0.024944179475969063,0.06208228659764951,0.037142371636237355,0.01611525810443213,0.06312224219501733,0.0737918003119629,0.10439902691537307,0.05499828812391106,0.09023988087226131,0.06300316357775754,0.12089263914373424,0.08723417304591002,0.0890835414036694,0.08834466149345517,0.08680645673474618,0.09763258001931018,0.08534773127610899,0.10208728980511989,0.07670187785639795,0.074596854719875,0.08641133919288228,0.07241471672316309,0.0860313649477937,0.07280922603248541,0.08538728833084344,0.07411855128568519,0.07017173447929033,0.0817002993735975,0.08001131113830112,0.08101271944985121,0.08072024456028037,0.0807561409227235,0.0741719143122627,0.06913632167816955,0.08614258945443946,0.07675435969570289,0.07981647057267968,0.08142055853233655,0.08205002557987363,1.1190868162998886,2.451978377436969,0.4099006569035856,2.119320500162935,0.05249803804248201,0.7425898967162814,2.9980989199274557,0.7192949275994959,0.6932521115338899,0.7107426761852632,0.7116012454213871,0.7017211845602896,0.905704721070371,0.12562748744458932,0.7170969078255108,1.0329384132819335,0.3348344644539959,0.5066590621788324,0.7162031972761466,0.0812590335050896,0.0902118136551316,0.6944146887117484,0.693134323274376,0.6932272871778112,0.7018679605872704,0.7064814413420953,0.6981692014660899,0.6957408222563817
12000,0.07173474921449798,0.06215367021198493,0.05758257728148469,0.03597103570648876,0.04287271385672477,0.04280083147285946,0.040709826205029914,0.10711209512625859,0.04290684965443187,0.07916179231150844,0.03633298764697138,0.06859050381279867,0.07783385600993936,0.05347889043561147,0.12733660983389933,0.08958340119285219,0.03897287572600383,0.02881264325807388,0.0633341448846175,0.03312504349133264,0.01590100066133721,0.06382692051402648,0.10980884098879776,0.08698341255697362,0.056887421123335474,0.08628705744631955,0.06542631503703537,0.08972503858872401,0.08712319667937024,0.08848858912820053,0.08789044065845895,0.08644361436533397,0.09580455975887694,0.08465849500080397,0.10084786219011818,0.07666368250374099,0.07401239335843995,0.08571938551022525,0.07154857529160431,0.08596109245010569,0.07166163122894208,0.08527341290295537,0.0740607284006034,0.06867393957857715,0.08127975780238865,0.07960671142173807,0.08088035290627422,0.08056235412245229,0.08060526209152652,0.0740381508555548,0.06921707493170522,0.08573555977210522,0.07579200960263335,0.07911308624837833,0.080921823938965,0.08166790526173973,1.134562140860549,2.416617311260434,0.410825473094654,2.1084859516126,0.05220847640737438,0.7395480720714723,3.048786413945935,0.7156579295558513,0.6932446723875296,0.7107825501590036,0.7134910308319913,0.6994272044240992,1.0116313034700777,2.0461239813981567,0.7170891537487608,0.931904235731042,0.3370060553934989,0.49636579150576887,0.7159429533918125,0.08534167621257939,0.062439687760728155,0.6946315187822992,0.6931520867215525,0.6932606922728725,0.7018554601892474,0.7062248804734793,0.6969015623104758,0.6956948914112471
13000,0.07182656193876445,0.06184308442029255,0.05766696256789018,0.035683793764628956,0.04072177257402942,0.042192491000485714,0.03867018458015964,0.10554162686261984,0.04330279796941136,0.07937436998301316,0.026360424831834185,0.0692784676101366,0.07745281732390633,0.053054069407626726,0.050650498036534895,0.050029849610166065,0.03893463344432204,0.029661567177388992,0.07400265336581698,0.030394915422692643,0.01571243101247563,0.0644430674363912,0.10561391296416522,0.08998305134500582,0.09492797049556086,0.08400423269305994,0.06673651250124506,0.0821138998868286,0.08704972169077159,0.0880518642560451,0.08755940527800232,0.08617103337991612,0.09418643876982945,0.0841780550184351,0.09951885473362682,0.07663794249979146,0.07348701169242589,0.08479441201724595,0.0709290457853352,0.08589309756423108,0.07089116853205281,0.0851629717907277,0.07402346034233952,0.06723564923773227,0.08086676119810589,0.0790405019804302,0.08075709522744,0.0804223085069962,0.08047438100191057,0.07394776447017726,0.06794029084064483,0.08527263598655466,0.07459011627802549,0.07837786210048368,0.08041494790359564,0.08130551874984784,1.1434402871297509,2.305593132503244,0.40916513433087337,2.1013805835561676,0.0522420424773454,0.7375700357560705,3.089021832671637,0.712916245662297,0.6932385817905382,0.7108346817065281,0.7149154436773394,0.6977611587482621,1.0761843693637543,1.5923875120273954,0.717082805311153,0.8558751948905736,0.32438778924134126,0.5014798062176061,0.7157278247491757,0.09136999089683545,0.09450353006682927,0.6948281653333769,0.6931605651766338,0.6932801210104691,0.7018452945009998,0.706014739160578,0.6960682248425288,0.6956556874231704
14000,0.0718939460705716,0.061541268126532385,0.05775886905596362,0.03546758155896417,0.039076217370535224,0.04172764349055152,0.03726778868172174,0.09669624811664995,0.04517196218574459,0.2681080100387925,0.02148882810372931,0.0698666262082419,0.0791201594298093,0.05250107023771784,0.05769053722682832,0.04931297269019541,0.038917981476184416,0.023465009399451717,0.07854867884073126,0.021513812005912118,0.015551431779764703,0.0747415316301977,0.09490086617457953,0.09201206726940939,0.05503398484665077,0.08262206686763099,0.06729132551585801,0.1317296355672888,0.08699844569388321,0.08772671955289661,0.08731399724742789,0.08596354945317522,0.09277079039034733,0.08384356686708408,0.0980969737831105,0.07661993309566753,0.07299998712774747,0.08372110712473681,0.07050042254081569,0.08582120094353561,0.07039873529418862,0.08505010470574062,0.07399840901536388,0.06581633933520495,0.08062033355042016,0.07827349067661171,0.08063989308501075,0.08030026262882858,0.08036034961377221,0.07388454957694479,0.06645138831656922,0.08473679537354759,0.07304874354524425,0.07759774113278077,0.07988429930587508,0.08095552380294319,1.1564122937871686,2.218759053893147,0.4019945012199878,2.1088989771355906,0.05227470924596692,0.7361486545117913,3.134209589965444,0.7107837573186332,0.6932335952813452,0.7108930892838575,0.7159851016165798,0.6965450675738446,1.0607868054263079,0.9092224913378202,0.7170776077020292,0.7999201562284077,0.32473546874535514,0.49511030678912393,0.7155485931334785,0.08088553592421555,0.060081422366573156,0.6950056501741462,0.6931638233977894,0.6932917293785787,0.7018370432214325,0.7058375546129406,0.6955101865164401,0.6956225128161145
15000,0.07194435975199096,0.061263849163353985,0.05785306782970985,0.035325118505538974,0.03787889539616374,0.041354532602398665,0.0362546134342372,0.07358015896932452,0.04259899596603157,0.07948007933800233,0.020957948797754398,0.07035539901227768,0.07565043447902478,0.051726385314869304,0.12123532733769465,0.04703848071614236,0.03886376840467276,0.027212610956887723,0.08007833140181679,0.017501250588513678,0.01542645906044739,0.06825603763936566,0.1107858460503599,0.08824624003410136,0.058506692668526004,0.08171784350071074,0.06765969034413366,0.10308879338072284,0.08696091977499165,0.08748188734918333,0.0871296982816765,0.0858039443601307,0.09153731319147862,0.08361133890114623,0.09661921998099572,0.07660681832497825,0.07253914134339542,0.08257724097213251,0.07020845801107878,0.08573849938681181,0.07009367140498159,0.08492988247497493,0.07398073921733954,0.06457409434961459,0.08027325343744324,0.07727985755333411,0.08052648898105787,0.08020938147031799,0.08026230273162938,0.07383848993827098,0.06493641467860614,0.0841127295587277,0.07265691528836848,0.07675962341914175,0.07930774796060648,0.08061060263071716,1.079489425431533,1.9013977610613075,0.410203957609095,2.102456478333836,0.05299762134678728,0.735047482475055,3.161561364779577,0.709056870706323,0.6932295127137471,0.7109516736630228,0.7167856455201336,0.6956539767341029,1.2580100937923724,0.7531722404579101,0.7170733523021541,0.7594313015395158,0.3256216399463863,0.5036035380031472,0.7153978936490727,0.07953229473128824,0.054940925444263176,0.6951682557101146,0.6931642552301774,0.6932989634265608,0.7018303731613135,0.7056813797300293,0.6951077453195026,0.6955943155249316
16000,0.07198271696673306,0.0610173436018346,0.057946391994001464,0.035245556239511595,0.03702930524223322,0.040882652344017265,0.03552123419531866,0.06823736806015436,0.04301103602902224,0.16233040722439676,0.022176405526203435,0.07075831970828289,0.07681016599545017,0.05054847625981883,0.05306233835747575,0.04894066901333164,0.038820894810359656,0.02679026824520187,0.08051255383912867,0.016858776037095177,0.414194756211808,0.07103551957045325,0.1252341618382147,0.08613771000344876,0.0585548628346771,0.08108973408832659,0.07062055667980892,0.09956222718941993,0.08693234092564317,0.08729557945637964,0.08698990972027454,0.08568000926334347,0.09047624205441089,0.08345094539784417,0.09515673600374223,0.07659687075827766,0.07209725304500603,0.0814364133742359,0.07000948496915717,0.08563592723213465,0.06990875571982696,0.08479799971985777,0.07396761443665623,0.0635933687435428,0.07976248801859546,0.07606397569699822,0.08041776068290629,0.08015742475960558,0.08018558921912021,0.07380342167981453,0.06361533891836794,0.08338902147320912,0.07075081946087948,0.07585389801455372,0.0786534626239132,0.08026261592160054,1.1146684534407738,1.9597125152518207,0.40685550329727455,2.112931549329401,0.05233697128401075,0.7341661730476132,3.204173052625028,0.707628855204718,0.6932261702235303,0.7110077575481999,0.7173844496543788,0.6949991027657124,1.580129072579689,0.46353104042374177,0.7170698683102522,0.7313115072930241,0.331089142439989,0.4936612439247542,0.7152685584973985,0.08091351689378033,0.05707022255135003,0.6953155812255235,0.6931632521113811,0.6933039989068175,0.7018249928179379,0.7055418891544183,0.6948492502348996,0.6955702500834235
17000,0.07201231565179367,0.06080307478317005,0.0580368427250342,0.0352047254497385,0.03643663775416472,0.04033783965809499,0.035000372311012634,0.08450974650483963,0.04328408070486825,0.0795603200928965,0.0207835503713526,0.07109065699225572,0.07800435523021115,0.04831549087296371,0.10458266328702685,0.05132929428418849,0.03880448983561679,0.024199049192323543,0.0809249681400238,0.016805178967365445,0.09581444877809926,0.0762560129178471,0.0742254368267252,0.09343490883428172,0.06700080578168106,0.0806368936662707,0.06952175103001708,0.0984662730453177,0.08690988457357687,0.08715221551954538,0.08688305559404898,0.08558289883063017,0.0895834850123009,0.08334111611862087,0.0937785970720408,0.07658902342282763,0.07167368467165905,0.0803658557567848,0.06987150512552019,0.08550008956542185,0.06979817489259958,0.08465057969793953,0.07395735017163986,0.06285888425781093,0.07903727216397802,0.07466711709178923,0.0803358072157692,0.0801029958273317,0.0801420825324948,0.07377554405240376,0.06255776627795334,0.08255988444606058,0.0694424787792743,0.07487309893915729,0.07787927172751352,0.07990160257229623,1.1297149061487686,1.927296802687223,0.4057496530142031,2.09153910979812,0.05214989282839379,0.7334407521333546,3.2157441846038304,0.7064450982304307,0.6932234336513656,0.7110579983401486,0.7178347989285347,0.694516747324707,1.7270577913781089,0.36038589487908695,0.7170670158874648,0.7129738277320986,0.3300628609429379,0.5076037228465993,0.7151561558974808,0.08571251862401587,0.18116652474348308,0.6954476783335984,0.6931616077533644,0.6933065378274748,0.7018206584773315,0.7054173895950127,0.6946773984315705,0.6955495743752438
18000,0.0720354080043667,0.06061957666840897,0.058123144889322007,0.03517828207494623,0.036027917317608515,0.03978906664490605,0.03464813312730497,0.11204298429880913,0.042459811427183684,0.07924605039706105,0.02089228171192389,0.06526233679767386,0.0773472140789137,0.05536091613087099,0.04865109524613637,0.050229512396081255,0.03877516605370862,0.03193076086275098,0.08139258852522163,0.016784188545991723,0.015557745733093811,0.056716232922224254,0.38465558892649293,0.08797079250559023,0.05865031107389964,0.08030759161718694,0.06903787020836827,0.09780930617013323,0.08689182241905355,0.08704050386156766,0.08680087493184571,0.08550612645810894,0.08884986395581634,0.0832669081445801,0.09252989252456302,0.0765826074845211,0.07127318283517758,0.07939813354407833,0.06977215551301125,0.0853101679088202,0.06973238626524896,0.0844839959295832,0.07394893305258209,0.06232105032528067,0.07806088317060461,0.0731750881272527,0.08030007614767311,0.08004952301366317,0.0801034252078105,0.07375249638598633,0.061747831047584745,0.08162728573843349,0.06853377823432381,0.0737895113663933,0.07694106368061235,0.07951443945586102,1.1363684182414573,1.986543716654862,0.4046154815626586,2.122197131936339,0.05254449186818581,0.7327973437317453,3.198274588861961,0.705447763966734,0.6932211931579829,0.7111021586067509,0.7181753254029242,0.6941608563203944,1.960066842259001,0.3574811719737301,0.7170646805445633,0.7017090630604959,0.33110938061959866,0.4927862186092387,0.7150565662851792,0.0845140921777715,0.06172421277103479,0.6955653261529037,0.6931597621797626,0.6933073608488824,0.7018171746654857,0.7053059421196116,0.6945511227153907,0.6955317771334472
19000,0.07205356293350361,0.060463984069752175,0.05820450730505097,0.035156457984562184,0.035746560637594835,0.03920997350534991,0.03441116514132147,0.11937536575974661,0.04294081125239765,0.0803787572188204,0.02101868786526668,0.06628315513586266,0.07551790834831368,0.03352878498327951,0.09678088706960558,0.054093109287201936,0.02563865616461616,0.026693929689337086,0.08184395836203845,0.01673097044730841,0.015548017195275677,0.05557875831391426,0.09244191158679177,0.08585159059950723,0.0640540047685806,0.0800707540433567,0.06896132140529777,0.09727244615928032,0.08687704849356312,0.08695222574331007,0.0867373678369318,0.08544490048229257,0.08825784926460901,0.0832177589989751,0.09143301580312942,0.07657719665924552,0.07090173286519218,0.07852606332612086,0.06969608266590725,0.08503514433444691,0.06969298562320943,0.08429459241000643,0.07394174492540266,0.06192947393056974,0.07681666231722324,0.07173542012267844,0.08027375827450213,0.07999548966019161,0.08006454320173115,0.07373279502261834,0.06113929013555466,0.08060452227770325,0.0677820225589699,0.0725593936039492,0.07581825384615618,0.07908297880278375,1.1532115864396677,2.047554062767772,0.40414555701233024,2.0887809197147744,0.05213692154642744,0.7322153377392061,3.223768017271418,0.7045994712237739,0.6932193588154932,0.7111405282896314,0.7184345976730211,0.6938979317173918,1.7690864319359012,0.3536345331491518,0.7170627685466319,0.6953509911304763,0.33087836272758625,0.5034930684655029,0.7149679603833425,0.08814548905251955,0.052869056619081346,0.6956696552682905,0.6931579483008774,0.693307682060455,0.701814377476706,0.7052057876692297,0.6944562503511688,0.6955162634387443
